{"cameraMode":{"drawMode":0,"name":"Shaded","section":"Shading Mode"},"sceneLighting":true,"audioPlay":false,"sceneViewState":{"showFog":true,"showMaterialUpdate":false,"showSkybox":true,"showFlares":true,"showImageEffects":true,"showParticleSystems":true},"in2DMode":false,"pivot":{"x":529.70166015625,"y":305.7629089355469,"z":43.789306640625},"rotation":{"x":0.004190328065305948,"y":0.005097180139273405,"z":0.000019437102309893817,"w":-0.9999819397926331},"size":854.0419311523438,"orthographic":false}